业务线,序号,任务ID,任务名称,创建人,任务状态,创建时间,预计完成时间,实际完成时间,任务延期时长/天,任务总时长/天,预算单ID,预算单名称,WBS编号,利润中心,利润中心编号,一级部门,二级部门,三级部门,数据量（张）,数据存储,数据集群,费用（元）,账单确认,是否有数据包被打回,任务流程
DX,DX-BZ-2023-0084,17210,商品检测框标注,江心雨,标注中,2023-04-24,2023-04-24,,,,2017,智能冰箱+SKU预研动态冰箱SCG00,R-SC220886.001,SCG公共,SCG00,智慧城市与商业事业群,创新业务部,智慧体育创新中心,,lustre,SH-40,13.75,待确认,False,创建(2023-04-24) -> 文件上传(2023-04-24) -> 文件上传成功(2023-04-24) -> 运营调整任务完成时间(2023-04-24) -> 审核通过(2023-04-24) 
DX,DX-BZ-2023-0074,17048,商品检测框标注,江心雨,标注中,2023-04-04,2023-04-05,,,,2017,智能冰箱+SKU预研动态冰箱SCG00,R-SC220886.001,SCG公共,SCG00,智慧城市与商业事业群,创新业务部,智慧体育创新中心,,lustre,SH-40,68.8,待确认,False,创建(2023-04-04) -> 文件上传(2023-04-04) -> 文件上传成功(2023-04-04) -> 运营调整任务完成时间(2023-04-04) -> 审核通过(2023-04-04) 
DX,DX-BZ-2023-0075,17061,商品检测框标注,江心雨,任务终止,2023-04-06,2023-04-30,,,,2017,智能冰箱+SKU预研动态冰箱SCG00,R-SC220886.001,SCG公共,SCG00,智慧城市与商业事业群,创新业务部,智慧体育创新中心,78.0,lustre,SH-40,13.75,已确认,False,创建(2023-04-06) -> 文件上传(2023-04-06) -> 文件上传成功(2023-04-06) -> 运营调整任务完成时间(2023-04-06) -> 审核通过(2023-04-06) -> 任务标注中被运营撤回到审核中(2023-04-06) -> 运营调整任务完成时间(2023-04-06) -> 审核通过(2023-04-06) -> 终止任务(2023-04-06) 
DX,DX-BZ-2023-0003,16022,有预标注的wtt场地的人体检测和29关键点标注(修正标注),冯律,任务终止,2023-01-05,2023-01-08,,,,2070,SenseOmni智慧体育产品预研SCG09,R-SC220924.001,创新业务部,SCG09,智慧城市与商业事业群,创新业务部,智慧体育创新中心,500.0,lustre,SH-40,82.6,已确认,False,创建(2023-01-05) -> 文件上传(2023-01-05) -> 文件上传失败(2023-01-05) -> 文件上传(2023-01-05) -> 重新提交任务(2023-01-05) -> 预标注数据上传失败(2023-01-05) -> 文件上传(2023-01-05) -> 重新提交任务(2023-01-05) -> 预标注数据上传失败(2023-01-05) -> 文件上传(2023-01-06) -> 重新提交任务(2023-01-06) -> 文件上传成功(2023-01-06) -> 预标注数据上传成功(2023-01-06) -> 运营调整任务完成时间(2023-01-06) -> 审核通过(2023-01-06) -> 终止任务(2023-01-17) 
DX,DX-BZ-2023-0081,17188,2cam 20230324to0420回流数据检测标注,储祥翠,任务完成,2023-04-21,2023-04-21,2023-04-24,3.0,3.0,2017,智能冰箱+SKU预研动态冰箱SCG00,R-SC220886.001,SCG公共,SCG00,智慧城市与商业事业群,创新业务部,智慧体育创新中心,2800.0,lustre,SH-40,899.27,待确认,False,创建(2023-04-21) -> 文件上传(2023-04-21) -> 文件上传成功(2023-04-21) -> 运营调整任务完成时间(2023-04-21) -> 审核通过(2023-04-21) -> 标注完成(2023-04-24) -> 标注验收通过(2023-04-24) 
DX,DX-BZ-2023-0082,17189,3cam 20230411to0420回流数据检测标注,储祥翠,任务完成,2023-04-21,2023-04-21,2023-04-24,3.0,3.0,2017,智能冰箱+SKU预研动态冰箱SCG00,R-SC220886.001,SCG公共,SCG00,智慧城市与商业事业群,创新业务部,智慧体育创新中心,958.0,lustre,SH-40,323.82,待确认,False,创建(2023-04-21) -> 文件上传(2023-04-21) -> 文件上传成功(2023-04-21) -> 运营调整任务完成时间(2023-04-21) -> 审核通过(2023-04-21) -> 标注完成(2023-04-24) -> 标注验收通过(2023-04-24) 
DX,DX-BZ-2023-0083,17192,商品检测框标注,江心雨,任务完成,2023-04-21,2023-04-22,2023-04-24,2.0,3.0,2017,智能冰箱+SKU预研动态冰箱SCG00,R-SC220886.001,SCG公共,SCG00,智慧城市与商业事业群,创新业务部,智慧体育创新中心,57.0,lustre,SH-40,97.63,已确认,False,创建(2023-04-21) -> 文件上传(2023-04-21) -> 文件上传成功(2023-04-21) -> 撤回任务(2023-04-21) -> 文件上传(2023-04-21) -> 重新提交任务(2023-04-21) -> 文件上传成功(2023-04-21) -> 运营调整任务完成时间(2023-04-21) -> 审核通过(2023-04-21) -> 标注完成(2023-04-24) -> 标注验收通过(2023-04-24) 
DX,DX-BZ-2023-0080,17176,动态20230411上新数据检测标注,储祥翠,任务完成,2023-04-20,2023-04-24,2023-04-24,0.0,4.0,2017,智能冰箱+SKU预研动态冰箱SCG00,R-SC220886.001,SCG公共,SCG00,智慧城市与商业事业群,创新业务部,智慧体育创新中心,7348.0,lustre,ABUD,1364.1,待确认,False,创建(2023-04-20) -> 文件上传(2023-04-20) -> 文件上传成功(2023-04-20) -> 运营调整任务完成时间(2023-04-20) -> 审核通过(2023-04-20) -> 标注完成(2023-04-24) -> 标注验收通过(2023-04-24) 
DX,DX-BZ-2023-0078,17092,3cam 20230310to0409上海人工回流数据检测标注,储祥翠,任务完成,2023-04-11,2023-04-11,2023-04-12,1.0,1.0,2017,智能冰箱+SKU预研动态冰箱SCG00,R-SC220886.001,SCG公共,SCG00,智慧城市与商业事业群,创新业务部,智慧体育创新中心,4388.0,lustre,SH-40,1222.72,已确认,False,创建(2023-04-11) -> 文件上传(2023-04-11) -> 文件上传成功(2023-04-11) -> 运营调整任务完成时间(2023-04-11) -> 审核通过(2023-04-11) -> 标注完成(2023-04-12) -> 标注验收通过(2023-04-12) 
DX,DX-BZ-2023-0079,17098,商品检测框标注,江心雨,任务完成,2023-04-11,2023-04-13,2023-04-20,7.0,9.0,2017,智能冰箱+SKU预研动态冰箱SCG00,R-SC220886.001,SCG公共,SCG00,智慧城市与商业事业群,创新业务部,智慧体育创新中心,2574.0,lustre,SH-40,5347.2,已确认,True,创建(2023-04-11) -> 文件上传(2023-04-11) -> 文件上传成功(2023-04-11) -> 运营调整任务完成时间(2023-04-11) -> 审核通过(2023-04-11) -> 标注完成(2023-04-15) -> 验收中有数据包被打回(2023-04-20) -> 标注完成(2023-04-20) -> 标注验收通过(2023-04-20) 
DX,DX-BZ-2023-0077,17088,3cam 202304036to0410长沙人工回流数据检测标注,储祥翠,任务完成,2023-04-10,2023-04-11,2023-04-14,3.0,4.0,2017,智能冰箱+SKU预研动态冰箱SCG00,R-SC220886.001,SCG公共,SCG00,智慧城市与商业事业群,创新业务部,智慧体育创新中心,9707.0,lustre,SH-40,2855.86,已确认,True,创建(2023-04-10) -> 文件上传(2023-04-10) -> 文件上传成功(2023-04-10) -> 运营调整任务完成时间(2023-04-11) -> 审核通过(2023-04-11) -> 标注完成(2023-04-13) -> 验收中有数据包被打回(2023-04-13) -> 标注完成(2023-04-13) -> 标注验收通过(2023-04-14) 
DX,DX-BZ-2023-0076,17063,商品检测框标注 复制[17061],李仁萱,任务完成,2023-04-06,2023-04-06,2023-04-19,13.0,13.0,2017,智能冰箱+SKU预研动态冰箱SCG00,R-SC220886.001,SCG公共,SCG00,智慧城市与商业事业群,创新业务部,智慧体育创新中心,78.0,lustre,SH-40,157.6,已确认,False,创建(2023-04-06) -> 文件上传(2023-04-06) -> 文件上传成功(2023-04-06) -> 运营调整任务完成时间(2023-04-06) -> 审核通过(2023-04-06) -> 标注完成(2023-04-08) -> 标注验收通过(2023-04-19) 
DX,DX-BZ-2023-0070,17004,半监督20230328订单数据检测标注,储祥翠,任务完成,2023-04-03,2023-04-07,2023-04-04,0.0,1.0,2017,智能冰箱+SKU预研动态冰箱SCG00,R-SC220886.001,SCG公共,SCG00,智慧城市与商业事业群,创新业务部,智慧体育创新中心,2483.0,lustre,SH-40,728.49,已确认,True,创建(2023-04-03) -> 文件上传(2023-04-03) -> 文件上传成功(2023-04-03) -> 运营调整任务完成时间(2023-04-03) -> 审核通过(2023-04-03) -> 标注完成(2023-04-03) -> 验收中有数据包被打回(2023-04-04) -> 标注完成(2023-04-04) -> 标注验收通过(2023-04-04) 
DX,DX-BZ-2023-0071,17018,动态冻柜上新20230331订单数据检测标注,储祥翠,任务完成,2023-04-03,2023-04-07,2023-04-07,0.0,4.0,2017,智能冰箱+SKU预研动态冰箱SCG00,R-SC220886.001,SCG公共,SCG00,智慧城市与商业事业群,创新业务部,智慧体育创新中心,6590.0,lustre,SH-40,1118.71,已确认,True,创建(2023-04-03) -> 文件上传(2023-04-03) -> 文件上传成功(2023-04-03) -> 运营调整任务完成时间(2023-04-03) -> 审核通过(2023-04-03) -> 标注完成(2023-04-04) -> 验收中有数据包被打回(2023-04-07) -> 标注完成(2023-04-07) -> 标注验收通过(2023-04-07) 
DX,DX-BZ-2023-0072,17019,动态20230329开城上新数据检测标注,储祥翠,任务完成,2023-04-03,2023-04-07,2023-04-11,4.0,8.0,2017,智能冰箱+SKU预研动态冰箱SCG00,R-SC220886.001,SCG公共,SCG00,智慧城市与商业事业群,创新业务部,智慧体育创新中心,10165.0,lustre,SH-40,1516.48,已确认,True,创建(2023-04-03) -> 文件上传(2023-04-03) -> 文件上传成功(2023-04-03) -> 运营调整任务完成时间(2023-04-03) -> 审核通过(2023-04-03) -> 标注完成(2023-04-11) -> 验收中有数据包被打回(2023-04-11) -> 标注完成(2023-04-11) -> 验收中有数据包被打回(2023-04-11) -> 标注完成(2023-04-11) -> 标注验收通过(2023-04-11) 
DX,DX-BZ-2023-0073,17020,动态20230330上新数据检测标注,储祥翠,任务完成,2023-04-03,2023-04-07,2023-04-11,4.0,8.0,2017,智能冰箱+SKU预研动态冰箱SCG00,R-SC220886.001,SCG公共,SCG00,智慧城市与商业事业群,创新业务部,智慧体育创新中心,14995.0,lustre,SH-40,2307.22,已确认,True,创建(2023-04-03) -> 文件上传(2023-04-03) -> 文件上传成功(2023-04-03) -> 运营调整任务完成时间(2023-04-04) -> 审核通过(2023-04-04) -> 标注完成(2023-04-11) -> 验收中有数据包被打回(2023-04-11) -> 标注完成(2023-04-11) -> 标注验收通过(2023-04-11) 
DX,DX-BZ-2023-0067,16977,商品检测框标注,江心雨,任务完成,2023-03-31,2023-03-31,2023-04-04,4.0,4.0,2017,智能冰箱+SKU预研动态冰箱SCG00,R-SC220886.001,SCG公共,SCG00,智慧城市与商业事业群,创新业务部,智慧体育创新中心,214.0,lustre,SH-40,445.31,已确认,True,创建(2023-03-31) -> 文件上传(2023-03-31) -> 文件上传成功(2023-03-31) -> 运营调整任务完成时间(2023-03-31) -> 审核通过(2023-03-31) -> 标注完成(2023-04-01) -> 验收中有数据包被打回(2023-04-02) -> 标注完成(2023-04-02) -> 验收中有数据包被打回(2023-04-02) -> 标注完成(2023-04-02) -> 标注验收通过(2023-04-04) 
DX,DX-BZ-2023-0068,16983,商品检测框标注,江心雨,任务完成,2023-03-31,2023-04-01,2023-04-04,3.0,4.0,2017,智能冰箱+SKU预研动态冰箱SCG00,R-SC220886.001,SCG公共,SCG00,智慧城市与商业事业群,创新业务部,智慧体育创新中心,748.0,lustre,ABUD,1464.95,已确认,False,创建(2023-03-31) -> 文件上传(2023-03-31) -> 文件上传失败(2023-03-31) -> 文件上传(2023-03-31) -> 重新提交任务(2023-03-31) -> 文件上传成功(2023-03-31) -> 运营调整任务完成时间(2023-03-31) -> 审核通过(2023-03-31) -> 标注完成(2023-04-04) -> 标注验收通过(2023-04-04) 
DX,DX-BZ-2023-0069,16986,商品检测框标注,江心雨,任务完成,2023-03-31,2023-04-01,2023-04-04,3.0,4.0,2017,智能冰箱+SKU预研动态冰箱SCG00,R-SC220886.001,SCG公共,SCG00,智慧城市与商业事业群,创新业务部,智慧体育创新中心,169.0,lustre,ABUD,278.16,已确认,False,创建(2023-03-31) -> 文件上传(2023-03-31) -> 文件上传失败(2023-03-31) -> 文件上传(2023-03-31) -> 重新提交任务(2023-03-31) -> 文件上传成功(2023-03-31) -> 运营调整任务完成时间(2023-03-31) -> 审核通过(2023-03-31) -> 标注完成(2023-04-03) -> 标注验收通过(2023-04-04) 
DX,DX-BZ-2023-0066,16971,2D投篮识别 复制[13008][2023-03-30 18:45:35],敖一宸,任务完成,2023-03-30,2023-03-31,2023-04-03,3.0,4.0,2070,SenseOmni智慧体育产品预研SCG09,R-SC220924.001,创新业务部,SCG09,智慧城市与商业事业群,创新业务部,智慧体育创新中心,1500.0,lustre,SH-40,46.2,已确认,False,创建(2023-03-30) -> 文件上传(2023-03-30) -> 文件上传成功(2023-03-30) -> 运营调整任务完成时间(2023-03-31) -> 审核通过(2023-03-31) -> 标注完成(2023-03-31) -> 标注验收通过(2023-04-03) 
DX,DX-BZ-2023-0064,16954,商品检测框标注,江心雨,任务完成,2023-03-29,2023-04-01,2023-03-30,0.0,1.0,2017,智能冰箱+SKU预研动态冰箱SCG00,R-SC220886.001,SCG公共,SCG00,智慧城市与商业事业群,创新业务部,智慧体育创新中心,36.0,lustre,SH-40,54.69,已确认,False,创建(2023-03-29) -> 文件上传(2023-03-29) -> 文件上传成功(2023-03-29) -> 运营调整任务完成时间(2023-03-30) -> 审核通过(2023-03-30) -> 标注完成(2023-03-30) -> 标注验收通过(2023-03-30) 
DX,DX-BZ-2023-0065,16948,2cam 推人工小物品订单数据检测标注,储祥翠,任务完成,2023-03-29,2023-04-01,2023-04-04,3.0,6.0,2017,智能冰箱+SKU预研动态冰箱SCG00,R-SC220886.001,SCG公共,SCG00,智慧城市与商业事业群,创新业务部,智慧体育创新中心,12076.0,lustre,SH-40,3528.77,已确认,True,创建(2023-03-29) -> 文件上传(2023-03-29) -> 文件上传成功(2023-03-29) -> 运营调整任务完成时间(2023-03-30) -> 审核通过(2023-03-30) -> 标注完成(2023-04-01) -> 验收中有数据包被打回(2023-04-04) -> 标注完成(2023-04-04) -> 标注验收通过(2023-04-04) 
DX,DX-BZ-2023-0063,16921,商品检测框标注,江心雨,任务完成,2023-03-28,2023-03-30,2023-04-04,5.0,7.0,2017,智能冰箱+SKU预研动态冰箱SCG00,R-SC220886.001,SCG公共,SCG00,智慧城市与商业事业群,创新业务部,智慧体育创新中心,3774.0,lustre,SH-40,7323.63,已确认,False,创建(2023-03-28) -> 文件上传(2023-03-28) -> 文件上传成功(2023-03-28) -> 运营调整任务完成时间(2023-03-28) -> 审核通过(2023-03-28) -> 标注完成(2023-03-30) -> 标注验收通过(2023-04-04) 
DX,DX-BZ-2023-0062,16886,2cam 20230314to0323订单数据检测标注,储祥翠,任务完成,2023-03-24,2023-03-27,2023-03-30,3.0,6.0,2017,智能冰箱+SKU预研动态冰箱SCG00,R-SC220886.001,SCG公共,SCG00,智慧城市与商业事业群,创新业务部,智慧体育创新中心,2908.0,lustre,SH-40,789.91,已确认,True,创建(2023-03-24) -> 文件上传(2023-03-24) -> 文件上传成功(2023-03-24) -> 运营调整任务完成时间(2023-03-24) -> 审核通过(2023-03-24) -> 标注完成(2023-03-30) -> 验收中有数据包被打回(2023-03-30) -> 标注完成(2023-03-30) -> 标注验收通过(2023-03-30) 
DX,DX-BZ-2023-0061,16866,动态上新20230323订单数据检测标注,储祥翠,任务完成,2023-03-23,2023-03-27,2023-03-30,3.0,7.0,2017,智能冰箱+SKU预研动态冰箱SCG00,R-SC220886.001,SCG公共,SCG00,智慧城市与商业事业群,创新业务部,智慧体育创新中心,25789.0,lustre,SH-40,3631.0,已确认,True,创建(2023-03-23) -> 文件上传(2023-03-23) -> 文件上传成功(2023-03-23) -> 运营调整任务完成时间(2023-03-23) -> 审核通过(2023-03-23) -> 标注完成(2023-03-27) -> 验收中有数据包被打回(2023-03-28) -> 标注完成(2023-03-28) -> 标注验收通过(2023-03-30) 
DX,DX-BZ-2023-0057,16831,商品检测框标注,江心雨,任务完成,2023-03-21,2023-03-22,2023-03-22,0.0,1.0,2017,智能冰箱+SKU预研动态冰箱SCG00,R-SC220886.001,SCG公共,SCG00,智慧城市与商业事业群,创新业务部,智慧体育创新中心,32.0,lustre,SH-40,64.93,已确认,True,创建(2023-03-21) -> 文件上传(2023-03-21) -> 文件上传成功(2023-03-21) -> 运营调整任务完成时间(2023-03-22) -> 审核通过(2023-03-22) -> 标注完成(2023-03-22) -> 验收中有数据包被打回(2023-03-22) -> 标注完成(2023-03-22) -> 验收中有数据包被打回(2023-03-22) -> 标注完成(2023-03-22) -> 标注验收通过(2023-03-22) 
DX,DX-BZ-2023-0058,16832,商品检测框标注,江心雨,任务完成,2023-03-21,2023-03-22,2023-03-22,0.0,1.0,2017,智能冰箱+SKU预研动态冰箱SCG00,R-SC220886.001,SCG公共,SCG00,智慧城市与商业事业群,创新业务部,智慧体育创新中心,36.0,lustre,SH-40,14.08,已确认,True,创建(2023-03-21) -> 文件上传(2023-03-21) -> 文件上传成功(2023-03-21) -> 运营调整任务完成时间(2023-03-22) -> 审核通过(2023-03-22) -> 标注完成(2023-03-22) -> 验收中有数据包被打回(2023-03-22) -> 标注完成(2023-03-22) -> 验收中有数据包被打回(2023-03-22) -> 标注完成(2023-03-22) -> 标注验收通过(2023-03-22) 
DX,DX-BZ-2023-0059,16833,商品检测框标注,江心雨,任务完成,2023-03-21,2023-03-22,2023-03-22,0.0,1.0,2017,智能冰箱+SKU预研动态冰箱SCG00,R-SC220886.001,SCG公共,SCG00,智慧城市与商业事业群,创新业务部,智慧体育创新中心,91.0,lustre,SH-40,193.96,已确认,True,创建(2023-03-21) -> 文件上传(2023-03-21) -> 文件上传成功(2023-03-21) -> 运营调整任务完成时间(2023-03-22) -> 审核通过(2023-03-22) -> 标注完成(2023-03-22) -> 验收中有数据包被打回(2023-03-22) -> 标注完成(2023-03-22) -> 验收中有数据包被打回(2023-03-22) -> 标注完成(2023-03-22) -> 标注验收通过(2023-03-22) 
DX,DX-BZ-2023-0060,16834,商品检测框标注（只标透光数据）,江心雨,任务完成,2023-03-21,2023-03-22,2023-03-30,8.0,9.0,2017,智能冰箱+SKU预研动态冰箱SCG00,R-SC220886.001,SCG公共,SCG00,智慧城市与商业事业群,创新业务部,智慧体育创新中心,1854.0,lustre,SH-40,2747.52,已确认,True,创建(2023-03-21) -> 文件上传(2023-03-21) -> 文件上传成功(2023-03-21) -> 运营调整任务完成时间(2023-03-22) -> 审核通过(2023-03-22) -> 标注完成(2023-03-23) -> 验收中有数据包被打回(2023-03-30) -> 标注完成(2023-03-30) -> 标注验收通过(2023-03-30) 
DX,DX-BZ-2023-0055,16818,半监督20230207订单数据检测标注,储祥翠,任务完成,2023-03-20,2023-03-24,2023-03-24,0.0,4.0,2017,智能冰箱+SKU预研动态冰箱SCG00,R-SC220886.001,SCG公共,SCG00,智慧城市与商业事业群,创新业务部,智慧体育创新中心,1965.0,lustre,SH-40,531.94,已确认,True,创建(2023-03-20) -> 文件上传(2023-03-20) -> 文件上传成功(2023-03-20) -> 运营调整任务完成时间(2023-03-20) -> 审核通过(2023-03-20) -> 标注完成(2023-03-24) -> 验收中有数据包被打回(2023-03-24) -> 标注完成(2023-03-24) -> 标注验收通过(2023-03-24) 
DX,DX-BZ-2023-0056,16808,2cam 20230216to0313人工回流数据检测标注,储祥翠,任务完成,2023-03-20,2023-03-20,2023-03-21,1.0,1.0,2017,智能冰箱+SKU预研动态冰箱SCG00,R-SC220886.001,SCG公共,SCG00,智慧城市与商业事业群,创新业务部,智慧体育创新中心,3267.0,lustre,SH-40,1003.85,已确认,True,创建(2023-03-20) -> 文件上传(2023-03-20) -> 文件上传成功(2023-03-20) -> 运营调整任务完成时间(2023-03-20) -> 审核通过(2023-03-20) -> 标注完成(2023-03-21) -> 验收中有数据包被打回(2023-03-21) -> 标注完成(2023-03-21) -> 标注验收通过(2023-03-21) 
DX,DX-BZ-2023-0051,16764,动态上新20230306订单数据检测标注v2,储祥翠,任务完成,2023-03-15,2023-03-19,2023-03-20,1.0,5.0,2017,智能冰箱+SKU预研动态冰箱SCG00,R-SC220886.001,SCG公共,SCG00,智慧城市与商业事业群,创新业务部,智慧体育创新中心,6955.0,lustre,SH-40,822.34,已确认,False,创建(2023-03-15) -> 文件上传(2023-03-15) -> 文件上传成功(2023-03-15) -> 运营调整任务完成时间(2023-03-15) -> 审核通过(2023-03-15) -> 标注完成(2023-03-17) -> 标注验收通过(2023-03-20) 
DX,DX-BZ-2023-0052,16766,乒乓球检测框标注（跳过竞价）,王俊豪,任务完成,2023-03-15,2023-03-15,2023-03-16,1.0,1.0,2070,SenseOmni智慧体育产品预研SCG09,R-SC220924.001,创新业务部,SCG09,智慧城市与商业事业群,创新业务部,智慧体育创新中心,797.0,lustre,SH-40,45.45,已确认,False,创建(2023-03-15) -> 文件上传(2023-03-15) -> 文件上传成功(2023-03-15) -> 运营调整任务完成时间(2023-03-15) -> 审核通过(2023-03-15) -> 标注完成(2023-03-15) -> 标注验收通过(2023-03-16) 
DX,DX-BZ-2023-0053,16760,乒乓球检测框标注（跳过竞价）,王俊豪,任务完成,2023-03-15,2023-03-16,2023-03-16,0.0,1.0,2070,SenseOmni智慧体育产品预研SCG09,R-SC220924.001,创新业务部,SCG09,智慧城市与商业事业群,创新业务部,智慧体育创新中心,1013.0,lustre,SH-40,47.27,已确认,False,创建(2023-03-15) -> 文件上传(2023-03-15) -> 文件上传成功(2023-03-15) -> 撤回任务(2023-03-15) -> 文件上传(2023-03-15) -> 重新提交任务(2023-03-15) -> 文件上传失败(2023-03-15) -> 文件上传(2023-03-15) -> 重新提交任务(2023-03-15) -> 文件上传成功(2023-03-15) -> 运营调整任务完成时间(2023-03-15) -> 审核通过(2023-03-15) -> 标注完成(2023-03-15) -> 标注验收通过(2023-03-16) 
DX,DX-BZ-2023-0054,16762,动态上新20230314订单数据检测标注,储祥翠,任务完成,2023-03-15,2023-03-19,2023-03-20,1.0,5.0,2017,智能冰箱+SKU预研动态冰箱SCG00,R-SC220886.001,SCG公共,SCG00,智慧城市与商业事业群,创新业务部,智慧体育创新中心,20841.0,lustre,SH-40,2985.15,已确认,False,创建(2023-03-15) -> 文件上传(2023-03-15) -> 文件上传成功(2023-03-15) -> 撤回任务(2023-03-15) -> 文件上传(2023-03-15) -> 重新提交任务(2023-03-15) -> 文件上传成功(2023-03-15) -> 撤回任务(2023-03-15) -> 文件上传(2023-03-16) -> 重新提交任务(2023-03-16) -> 文件上传成功(2023-03-16) -> 运营调整任务完成时间(2023-03-17) -> 审核通过(2023-03-17) -> 标注完成(2023-03-20) -> 标注验收通过(2023-03-20) 
DX,DX-BZ-2023-0049,16749,AI park18相机篮球检测裱糊,冯律,任务完成,2023-03-14,2023-03-14,2023-03-21,7.0,7.0,2070,SenseOmni智慧体育产品预研SCG09,R-SC220924.001,创新业务部,SCG09,智慧城市与商业事业群,创新业务部,智慧体育创新中心,18000.0,lustre,SH-40,1962.18,已确认,False,创建(2023-03-14) -> 文件上传(2023-03-14) -> 文件上传成功(2023-03-14) -> 运营调整任务完成时间(2023-03-14) -> 审核通过(2023-03-14) -> 标注完成(2023-03-15) -> 标注验收通过(2023-03-21) 
DX,DX-BZ-2023-0050,16757,乒乓球检测框标注,王俊豪,任务完成,2023-03-14,2023-03-15,2023-03-15,0.0,1.0,2070,SenseOmni智慧体育产品预研SCG09,R-SC220924.001,创新业务部,SCG09,智慧城市与商业事业群,创新业务部,智慧体育创新中心,994.0,lustre,SH-40,40.66,已确认,False,创建(2023-03-14) -> 文件上传(2023-03-14) -> 文件上传成功(2023-03-14) -> 运营调整任务完成时间(2023-03-15) -> 审核通过(2023-03-15) -> 标注完成(2023-03-15) -> 标注验收通过(2023-03-15) 
DX,DX-BZ-2023-0046,16742,商品检测框标注,江心雨,任务完成,2023-03-13,2023-03-15,2023-03-17,2.0,4.0,2017,智能冰箱+SKU预研动态冰箱SCG00,R-SC220886.001,SCG公共,SCG00,智慧城市与商业事业群,创新业务部,智慧体育创新中心,2910.0,lustre,SH-40,7443.43,已确认,False,创建(2023-03-13) -> 文件上传(2023-03-13) -> 文件上传成功(2023-03-13) -> 撤回任务(2023-03-13) -> 文件上传(2023-03-13) -> 重新提交任务(2023-03-13) -> 文件上传成功(2023-03-13) -> 运营调整任务完成时间(2023-03-14) -> 审核通过(2023-03-14) -> 标注完成(2023-03-16) -> 标注验收通过(2023-03-17) 
DX,DX-BZ-2023-0047,16745,商品检测框标注,江心雨,任务完成,2023-03-13,2023-03-15,2023-03-16,1.0,3.0,2017,智能冰箱+SKU预研动态冰箱SCG00,R-SC220886.001,SCG公共,SCG00,智慧城市与商业事业群,创新业务部,智慧体育创新中心,13.0,lustre,SH-40,43.53,已确认,False,创建(2023-03-13) -> 文件上传(2023-03-13) -> 文件上传成功(2023-03-13) -> 运营调整任务完成时间(2023-03-14) -> 审核通过(2023-03-14) -> 标注完成(2023-03-14) -> 标注验收通过(2023-03-16) 
DX,DX-BZ-2023-0048,16737,动态上新20230306订单数据检测标注,储祥翠,任务完成,2023-03-13,2023-03-17,2023-03-20,3.0,7.0,2017,智能冰箱+SKU预研动态冰箱SCG00,R-SC220886.001,SCG公共,SCG00,智慧城市与商业事业群,创新业务部,智慧体育创新中心,6415.0,lustre,SH-40,1005.08,已确认,False,创建(2023-03-13) -> 文件上传(2023-03-13) -> 文件上传成功(2023-03-13) -> 运营调整任务完成时间(2023-03-13) -> 审核通过(2023-03-13) -> 标注完成(2023-03-16) -> 标注验收通过(2023-03-20) 
DX,DX-BZ-2023-0044,16694,0号机20230309人工回流数据检测标注,储祥翠,任务完成,2023-03-10,2023-03-14,2023-03-13,0.0,3.0,2017,智能冰箱+SKU预研动态冰箱SCG00,R-SC220886.001,SCG公共,SCG00,智慧城市与商业事业群,创新业务部,智慧体育创新中心,2928.0,lustre,SH-40,585.19,已确认,True,创建(2023-03-10) -> 文件上传(2023-03-10) -> 文件上传成功(2023-03-10) -> 运营调整任务完成时间(2023-03-10) -> 审核通过(2023-03-10) -> 标注完成(2023-03-11) -> 验收中有数据包被打回(2023-03-13) -> 标注完成(2023-03-13) -> 验收中有数据包被打回(2023-03-13) -> 标注完成(2023-03-13) -> 标注验收通过(2023-03-13) 
DX,DX-BZ-2023-0045,16693,0号机20230307人工回流数据检测标注,储祥翠,任务完成,2023-03-10,2023-03-14,2023-03-13,0.0,3.0,2017,智能冰箱+SKU预研动态冰箱SCG00,R-SC220886.001,SCG公共,SCG00,智慧城市与商业事业群,创新业务部,智慧体育创新中心,2656.0,lustre,SH-40,497.8,已确认,False,创建(2023-03-10) -> 文件上传(2023-03-10) -> 文件上传成功(2023-03-10) -> 运营调整任务完成时间(2023-03-10) -> 审核通过(2023-03-10) -> 标注完成(2023-03-11) -> 标注验收通过(2023-03-13) 
DX,DX-BZ-2023-0043,16648,0号机20230304-06人工回流数据检测标注,储祥翠,任务完成,2023-03-07,2023-03-11,2023-03-13,2.0,6.0,2017,智能冰箱+SKU预研动态冰箱SCG00,R-SC220886.001,SCG公共,SCG00,智慧城市与商业事业群,创新业务部,智慧体育创新中心,11188.0,lustre,SH-40,2426.48,已确认,True,创建(2023-03-07) -> 文件上传(2023-03-07) -> 文件上传成功(2023-03-07) -> 运营调整任务完成时间(2023-03-07) -> 审核通过(2023-03-07) -> 标注完成(2023-03-10) -> 验收中有数据包被打回(2023-03-13) -> 标注完成(2023-03-13) -> 标注验收通过(2023-03-13) 
DX,DX-BZ-2023-0033,16608,0号机20230225-0302人工回流数据检测标注-抽样100单,储祥翠,任务完成,2023-03-03,2023-03-07,2023-03-06,0.0,3.0,2017,智能冰箱+SKU预研动态冰箱SCG00,R-SC220886.001,SCG公共,SCG00,智慧城市与商业事业群,创新业务部,智慧体育创新中心,6619.0,lustre,SH-40,1365.89,已确认,False,创建(2023-03-03) -> 文件上传(2023-03-03) -> 文件上传成功(2023-03-03) -> 运营调整任务完成时间(2023-03-03) -> 审核通过(2023-03-03) -> 标注完成(2023-03-06) -> 标注验收通过(2023-03-06) 
DX,DX-BZ-2023-0034,16607,0号机20230225-0302人工回流数据检测标注,储祥翠,任务完成,2023-03-03,2023-03-07,2023-03-06,0.0,3.0,2017,智能冰箱+SKU预研动态冰箱SCG00,R-SC220886.001,SCG公共,SCG00,智慧城市与商业事业群,创新业务部,智慧体育创新中心,4863.0,lustre,SH-40,1214.62,已确认,False,创建(2023-03-03) -> 文件上传(2023-03-03) -> 文件上传成功(2023-03-03) -> 运营调整任务完成时间(2023-03-03) -> 审核通过(2023-03-03) -> 标注完成(2023-03-06) -> 标注验收通过(2023-03-06) 
DX,DX-BZ-2023-0035,16604,商品检测框标注,江心雨,任务完成,2023-03-03,2023-03-07,2023-03-16,9.0,13.0,2017,智能冰箱+SKU预研动态冰箱SCG00,R-SC220886.001,SCG公共,SCG00,智慧城市与商业事业群,创新业务部,智慧体育创新中心,347.0,lustre,SH-40,692.7,已确认,False,创建(2023-03-03) -> 文件上传(2023-03-03) -> 文件上传成功(2023-03-03) -> 运营调整任务完成时间(2023-03-03) -> 审核通过(2023-03-03) -> 标注完成(2023-03-07) -> 标注验收通过(2023-03-16) 
DX,DX-BZ-2023-0036,16603,商品检测框标注,江心雨,任务完成,2023-03-03,2023-03-07,2023-03-16,9.0,13.0,2017,智能冰箱+SKU预研动态冰箱SCG00,R-SC220886.001,SCG公共,SCG00,智慧城市与商业事业群,创新业务部,智慧体育创新中心,54.0,lustre,SH-40,43.9,已确认,False,创建(2023-03-03) -> 文件上传(2023-03-03) -> 文件上传成功(2023-03-03) -> 运营调整任务完成时间(2023-03-03) -> 审核通过(2023-03-03) -> 标注完成(2023-03-06) -> 标注验收通过(2023-03-16) 
DX,DX-BZ-2023-0037,16592,检测测试集-20230110人工回流数据检测标注,储祥翠,任务完成,2023-03-03,2023-03-03,2023-03-14,11.0,11.0,2017,智能冰箱+SKU预研动态冰箱SCG00,R-SC220886.001,SCG公共,SCG00,智慧城市与商业事业群,创新业务部,智慧体育创新中心,17651.0,lustre,SH-40,4119.53,已确认,True,创建(2023-03-03) -> 文件上传(2023-03-03) -> 文件上传成功(2023-03-03) -> 运营调整任务完成时间(2023-03-03) -> 审核通过(2023-03-03) -> 标注完成(2023-03-08) -> 验收中有数据包被打回(2023-03-14) -> 标注完成(2023-03-14) -> 标注验收通过(2023-03-14) 
DX,DX-BZ-2023-0038,16598,检测测试集-0号机20230223人工回流数据检测标注,储祥翠,任务完成,2023-03-03,2023-03-07,2023-03-06,0.0,3.0,2017,智能冰箱+SKU预研动态冰箱SCG00,R-SC220886.001,SCG公共,SCG00,智慧城市与商业事业群,创新业务部,智慧体育创新中心,3017.0,lustre,SH-40,533.73,已确认,False,创建(2023-03-03) -> 文件上传(2023-03-03) -> 文件上传成功(2023-03-03) -> 运营调整任务完成时间(2023-03-03) -> 审核通过(2023-03-03) -> 任务标注中被运营撤回到审核中(2023-03-03) -> 撤回任务(2023-03-03) -> 文件上传(2023-03-03) -> 重新提交任务(2023-03-03) -> 文件上传成功(2023-03-03) -> 运营调整任务完成时间(2023-03-03) -> 审核通过(2023-03-03) -> 标注完成(2023-03-06) -> 标注验收通过(2023-03-06) 
DX,DX-BZ-2023-0039,16597,检测测试集-20230223人工回流数据检测标注,储祥翠,任务完成,2023-03-03,2023-03-03,2023-03-14,11.0,11.0,2017,智能冰箱+SKU预研动态冰箱SCG00,R-SC220886.001,SCG公共,SCG00,智慧城市与商业事业群,创新业务部,智慧体育创新中心,23140.0,lustre,SH-40,5071.37,已确认,True,创建(2023-03-03) -> 文件上传(2023-03-03) -> 文件上传成功(2023-03-03) -> 运营调整任务完成时间(2023-03-03) -> 审核通过(2023-03-03) -> 标注完成(2023-03-09) -> 验收中有数据包被打回(2023-03-14) -> 标注完成(2023-03-14) -> 标注验收通过(2023-03-14) 
DX,DX-BZ-2023-0040,16617,0号机20230303人工回流数据检测标注,储祥翠,任务完成,2023-03-03,2023-03-07,2023-03-06,0.0,3.0,2017,智能冰箱+SKU预研动态冰箱SCG00,R-SC220886.001,SCG公共,SCG00,智慧城市与商业事业群,创新业务部,智慧体育创新中心,3819.0,lustre,SH-40,752.34,已确认,False,创建(2023-03-03) -> 文件上传(2023-03-03) -> 文件上传成功(2023-03-03) -> 运营调整任务完成时间(2023-03-06) -> 审核通过(2023-03-06) -> 标注完成(2023-03-06) -> 标注验收通过(2023-03-06) 
DX,DX-BZ-2023-0041,16602,senselive标注AI park球馆篮球检测框,冯律,任务完成,2023-03-03,2023-03-04,2023-03-21,17.0,18.0,2070,SenseOmni智慧体育产品预研SCG09,R-SC220924.001,创新业务部,SCG09,智慧城市与商业事业群,创新业务部,智慧体育创新中心,12000.0,lustre,SH-40,1697.97,已确认,False,创建(2023-03-03) -> 文件上传(2023-03-03) -> 文件上传成功(2023-03-03) -> 运营调整任务完成时间(2023-03-03) -> 审核通过(2023-03-03) -> 标注完成(2023-03-06) -> 标注验收通过(2023-03-21) 
DX,DX-BZ-2023-0042,16591,检测测试集-20230302人工回流数据检测标注,储祥翠,任务完成,2023-03-03,2023-03-03,2023-03-13,10.0,10.0,2017,智能冰箱+SKU预研动态冰箱SCG00,R-SC220886.001,SCG公共,SCG00,智慧城市与商业事业群,创新业务部,智慧体育创新中心,4247.0,lustre,SH-40,1194.63,已确认,False,创建(2023-03-03) -> 文件上传(2023-03-03) -> 文件上传成功(2023-03-03) -> 运营调整任务完成时间(2023-03-03) -> 审核通过(2023-03-03) -> 标注完成(2023-03-07) -> 标注验收通过(2023-03-13) 
DX,DX-BZ-2023-0032,16547,篮球检测标注,王俊豪,任务完成,2023-02-28,2023-03-01,2023-03-15,14.0,15.0,2070,SenseOmni智慧体育产品预研SCG09,R-SC220924.001,创新业务部,SCG09,智慧城市与商业事业群,创新业务部,智慧体育创新中心,16006.0,lustre,SH-40,818.37,已确认,False,创建(2023-02-28) -> 文件上传(2023-02-28) -> 文件上传成功(2023-02-28) -> 运营调整任务完成时间(2023-03-01) -> 审核通过(2023-03-01) -> 标注完成(2023-03-01) -> 标注验收通过(2023-03-15) 
DX,DX-BZ-2023-0031,16515,snow51的关键点标注,王俊豪,任务完成,2023-02-27,2023-02-28,2023-03-15,15.0,16.0,2070,SenseOmni智慧体育产品预研SCG09,R-SC220924.001,创新业务部,SCG09,智慧城市与商业事业群,创新业务部,智慧体育创新中心,1000.0,lustre,SH-40,1465.93,已确认,False,创建(2023-02-27) -> 文件上传(2023-02-27) -> 文件上传成功(2023-02-27) -> 运营调整任务完成时间(2023-02-27) -> 审核通过(2023-02-27) -> 标注完成(2023-02-28) -> 标注验收通过(2023-03-15) 
DX,DX-BZ-2023-0030,16493,0号机20230221-23人工回流数据检测标注2,储祥翠,任务完成,2023-02-24,2023-02-24,2023-02-24,0.0,0.0,2017,智能冰箱+SKU预研动态冰箱SCG00,R-SC220886.001,SCG公共,SCG00,智慧城市与商业事业群,创新业务部,智慧体育创新中心,2713.0,lustre,SH-40,421.2,已确认,False,创建(2023-02-24) -> 文件上传(2023-02-24) -> 文件上传成功(2023-02-24) -> 运营调整任务完成时间(2023-02-24) -> 审核通过(2023-02-24) -> 标注完成(2023-02-24) -> 标注验收通过(2023-02-24) 
DX,DX-BZ-2023-0029,16490,0号机20230221-23人工回流数据检测标注,储祥翠,任务完成,2023-02-23,2023-02-24,2023-02-26,2.0,3.0,2017,智能冰箱+SKU预研动态冰箱SCG00,R-SC220886.001,SCG公共,SCG00,智慧城市与商业事业群,创新业务部,智慧体育创新中心,6149.0,lustre,SH-40,1848.86,已确认,True,创建(2023-02-23) -> 文件上传(2023-02-23) -> 文件上传成功(2023-02-23) -> 运营调整任务完成时间(2023-02-23) -> 审核通过(2023-02-23) -> 撤回任务(2023-02-23) -> 文件上传(2023-02-23) -> 重新提交任务(2023-02-23) -> 文件上传成功(2023-02-23) -> 运营调整任务完成时间(2023-02-24) -> 审核通过(2023-02-24) -> 标注完成(2023-02-25) -> 验收中有数据包被打回(2023-02-25) -> 标注完成(2023-02-25) -> 标注验收通过(2023-02-26) 
DX,DX-BZ-2023-0027,16356,麦当劳标注,宫宇辰,任务完成,2023-02-20,2023-02-20,2023-02-22,2.0,2.0,2019,智能冰箱+SKU预研静态冰箱SCG00,R-SC220888.001,SCG公共,SCG00,智慧城市与商业事业群,创新业务部,智慧体育创新中心,16.0,lustre,ABUD,3.3,已确认,True,创建(2023-02-20) -> 文件上传(2023-02-20) -> 文件上传失败(2023-02-20) -> 文件上传(2023-02-20) -> 重新提交任务(2023-02-20) -> 文件上传成功(2023-02-20) -> 运营调整任务完成时间(2023-02-20) -> 审核通过(2023-02-20) -> 标注完成(2023-02-20) -> 验收中有数据包被打回(2023-02-20) -> 标注完成(2023-02-20) -> 标注验收通过(2023-02-22) 
DX,DX-BZ-2023-0028,16363,麦当劳第二批,宫宇辰,任务完成,2023-02-20,2023-02-20,2023-02-23,3.0,3.0,2019,智能冰箱+SKU预研静态冰箱SCG00,R-SC220888.001,SCG公共,SCG00,智慧城市与商业事业群,创新业务部,智慧体育创新中心,21.0,lustre,ABUD,4.74,已确认,False,创建(2023-02-20) -> 文件上传(2023-02-20) -> 文件上传成功(2023-02-20) -> 运营调整任务完成时间(2023-02-20) -> 审核通过(2023-02-20) -> 标注完成(2023-02-22) -> 标注验收通过(2023-02-23) 
DX,DX-BZ-2023-0025,16348,静态星星,宫宇辰,任务完成,2023-02-17,2023-02-18,2023-02-23,5.0,6.0,2019,智能冰箱+SKU预研静态冰箱SCG00,R-SC220888.001,SCG公共,SCG00,智慧城市与商业事业群,创新业务部,智慧体育创新中心,64583.0,lustre,SH-40,4436.85,已确认,True,创建(2023-02-17) -> 文件上传(2023-02-17) -> 文件上传成功(2023-02-17) -> 运营调整任务完成时间(2023-02-17) -> 审核通过(2023-02-17) -> 标注完成(2023-02-20) -> 验收中有数据包被打回(2023-02-20) -> 标注完成(2023-02-20) -> 标注验收通过(2023-02-23) 
DX,DX-BZ-2023-0026,16339,20230207to15人工回流数据检测标注,储祥翠,任务完成,2023-02-17,2023-02-18,2023-02-22,4.0,5.0,2017,智能冰箱+SKU预研动态冰箱SCG00,R-SC220886.001,SCG公共,SCG00,智慧城市与商业事业群,创新业务部,智慧体育创新中心,20987.0,lustre,SH-40,5861.75,已确认,True,创建(2023-02-17) -> 文件上传(2023-02-17) -> 文件上传成功(2023-02-17) -> 运营调整任务完成时间(2023-02-17) -> 审核通过(2023-02-17) -> 标注完成(2023-02-20) -> 验收中有数据包被打回(2023-02-21) -> 标注完成(2023-02-22) -> 标注验收通过(2023-02-22) 
DX,DX-BZ-2023-0021,16314,20230213上新检测标注,储祥翠,任务完成,2023-02-15,2023-02-18,2023-02-20,2.0,5.0,2017,智能冰箱+SKU预研动态冰箱SCG00,R-SC220886.001,SCG公共,SCG00,智慧城市与商业事业群,创新业务部,智慧体育创新中心,4792.0,lustre,SH-40,679.86,已确认,False,创建(2023-02-15) -> 文件上传(2023-02-15) -> 文件上传成功(2023-02-15) -> 运营调整任务完成时间(2023-02-15) -> 审核通过(2023-02-15) -> 运营调整任务完成时间(2023-02-15) -> 标注完成(2023-02-18) -> 标注验收通过(2023-02-20) 
DX,DX-BZ-2023-0022,16305,20230201生活用品—混合sku检测标注,储祥翠,任务完成,2023-02-15,2023-02-18,2023-02-21,3.0,6.0,2017,智能冰箱+SKU预研动态冰箱SCG00,R-SC220886.001,SCG公共,SCG00,智慧城市与商业事业群,创新业务部,智慧体育创新中心,3868.0,lustre,SH-40,585.8,已确认,True,创建(2023-02-15) -> 文件上传(2023-02-15) -> 文件上传成功(2023-02-15) -> 运营调整任务完成时间(2023-02-15) -> 审核通过(2023-02-15) -> 运营调整任务完成时间(2023-02-15) -> 标注完成(2023-02-17) -> 验收中有数据包被打回(2023-02-21) -> 标注完成(2023-02-21) -> 标注验收通过(2023-02-21) 
DX,DX-BZ-2023-0023,16303,20230201生活用品—单sku检测标注,储祥翠,任务完成,2023-02-15,2023-02-18,2023-02-21,3.0,6.0,2017,智能冰箱+SKU预研动态冰箱SCG00,R-SC220886.001,SCG公共,SCG00,智慧城市与商业事业群,创新业务部,智慧体育创新中心,5898.0,lustre,SH-40,590.13,已确认,False,创建(2023-02-15) -> 文件上传(2023-02-15) -> 文件上传成功(2023-02-15) -> 运营调整任务完成时间(2023-02-15) -> 审核通过(2023-02-15) -> 运营调整任务完成时间(2023-02-15) -> 标注完成(2023-02-18) -> 标注验收通过(2023-02-21) 
DX,DX-BZ-2023-0024,16304,20230201生活用品—双sku检测标注,储祥翠,任务完成,2023-02-15,2023-02-18,2023-02-22,4.0,7.0,2017,智能冰箱+SKU预研动态冰箱SCG00,R-SC220886.001,SCG公共,SCG00,智慧城市与商业事业群,创新业务部,智慧体育创新中心,5336.0,lustre,SH-40,814.37,已确认,True,创建(2023-02-15) -> 文件上传(2023-02-15) -> 文件上传成功(2023-02-15) -> 运营调整任务完成时间(2023-02-15) -> 审核通过(2023-02-15) -> 运营调整任务完成时间(2023-02-15) -> 标注完成(2023-02-17) -> 验收中有数据包被打回(2023-02-21) -> 标注完成(2023-02-21) -> 标注验收通过(2023-02-22) 
DX,DX-BZ-2023-0015,16261,20230207—单sku检测标注,储祥翠,任务完成,2023-02-09,2023-02-09,2023-02-17,8.0,8.0,2017,智能冰箱+SKU预研动态冰箱SCG00,R-SC220886.001,SCG公共,SCG00,智慧城市与商业事业群,创新业务部,智慧体育创新中心,3770.0,lustre,SH-40,381.08,已确认,False,创建(2023-02-09) -> 文件上传(2023-02-09) -> 文件上传成功(2023-02-09) -> 运营调整任务完成时间(2023-02-09) -> 审核通过(2023-02-09) -> 标注完成(2023-02-13) -> 标注验收通过(2023-02-17) 
DX,DX-BZ-2023-0016,16262,20230207—双sku检测标注,储祥翠,任务完成,2023-02-09,2023-02-14,2023-02-17,3.0,8.0,2017,智能冰箱+SKU预研动态冰箱SCG00,R-SC220886.001,SCG公共,SCG00,智慧城市与商业事业群,创新业务部,智慧体育创新中心,3486.0,lustre,SH-40,501.1,已确认,False,创建(2023-02-09) -> 文件上传(2023-02-09) -> 文件上传成功(2023-02-09) -> 运营调整任务完成时间(2023-02-09) -> 审核通过(2023-02-09) -> 标注完成(2023-02-14) -> 标注验收通过(2023-02-17) 
DX,DX-BZ-2023-0017,16263,20230207—混合sku检测标注,储祥翠,任务完成,2023-02-09,2023-02-14,2023-02-20,6.0,11.0,2017,智能冰箱+SKU预研动态冰箱SCG00,R-SC220886.001,SCG公共,SCG00,智慧城市与商业事业群,创新业务部,智慧体育创新中心,1917.0,lustre,SH-40,239.76,已确认,False,创建(2023-02-09) -> 文件上传(2023-02-09) -> 文件上传成功(2023-02-09) -> 运营调整任务完成时间(2023-02-09) -> 审核通过(2023-02-09) -> 标注完成(2023-02-14) -> 标注验收通过(2023-02-20) 
DX,DX-BZ-2023-0018,16264,20230208—冻柜混合sku检测标注,储祥翠,任务完成,2023-02-09,2023-02-14,2023-02-21,7.0,12.0,2017,智能冰箱+SKU预研动态冰箱SCG00,R-SC220886.001,SCG公共,SCG00,智慧城市与商业事业群,创新业务部,智慧体育创新中心,2758.0,lustre,SH-40,415.64,已确认,True,创建(2023-02-09) -> 文件上传(2023-02-09) -> 文件上传成功(2023-02-09) -> 运营调整任务完成时间(2023-02-09) -> 审核通过(2023-02-09) -> 标注完成(2023-02-13) -> 验收中有数据包被打回(2023-02-20) -> 标注完成(2023-02-20) -> 标注验收通过(2023-02-21) 
DX,DX-BZ-2023-0019,16265,20230208—冻柜单sku检测标注,储祥翠,任务完成,2023-02-09,2023-02-14,2023-02-21,7.0,12.0,2017,智能冰箱+SKU预研动态冰箱SCG00,R-SC220886.001,SCG公共,SCG00,智慧城市与商业事业群,创新业务部,智慧体育创新中心,4326.0,lustre,SH-40,436.11,已确认,True,创建(2023-02-09) -> 文件上传(2023-02-09) -> 文件上传成功(2023-02-09) -> 运营调整任务完成时间(2023-02-09) -> 审核通过(2023-02-09) -> 标注完成(2023-02-13) -> 验收中有数据包被打回(2023-02-20) -> 标注完成(2023-02-20) -> 标注验收通过(2023-02-21) 
DX,DX-BZ-2023-0020,16266,20230208—冻柜双sku检测标注,储祥翠,任务完成,2023-02-09,2023-02-14,2023-02-21,7.0,12.0,2017,智能冰箱+SKU预研动态冰箱SCG00,R-SC220886.001,SCG公共,SCG00,智慧城市与商业事业群,创新业务部,智慧体育创新中心,4756.0,lustre,SH-40,736.81,已确认,True,创建(2023-02-09) -> 文件上传(2023-02-09) -> 文件上传成功(2023-02-09) -> 运营调整任务完成时间(2023-02-09) -> 审核通过(2023-02-09) -> 标注完成(2023-02-14) -> 验收中有数据包被打回(2023-02-20) -> 标注完成(2023-02-20) -> 标注验收通过(2023-02-21) 
DX,DX-BZ-2023-0014,16229,20230201to06人工回流数据检测标注,储祥翠,任务完成,2023-02-08,2023-02-09,2023-02-09,0.0,1.0,2017,智能冰箱+SKU预研动态冰箱SCG00,R-SC220886.001,SCG公共,SCG00,智慧城市与商业事业群,创新业务部,智慧体育创新中心,1300.0,lustre,SH-40,344.25,已确认,True,创建(2023-02-08) -> 文件上传(2023-02-08) -> 文件上传成功(2023-02-08) -> 运营调整任务完成时间(2023-02-08) -> 审核通过(2023-02-08) -> 任务标注中被运营撤回到审核中(2023-02-08) -> 运营调整任务完成时间(2023-02-08) -> 审核通过(2023-02-08) -> 标注完成(2023-02-09) -> 验收中有数据包被打回(2023-02-09) -> 标注完成(2023-02-09) -> 标注验收通过(2023-02-09) 
DX,DX-BZ-2023-0013,16201,0号机—202301—双sku检测标注,储祥翠,任务完成,2023-02-03,2023-02-03,2023-02-14,11.0,11.0,2017,智能冰箱+SKU预研动态冰箱SCG00,R-SC220886.001,SCG公共,SCG00,智慧城市与商业事业群,创新业务部,智慧体育创新中心,8445.0,lustre,SH-40,1224.79,已确认,False,创建(2023-02-03) -> 文件上传(2023-02-03) -> 文件上传成功(2023-02-03) -> 运营调整任务完成时间(2023-02-03) -> 审核通过(2023-02-03) -> 任务标注中被运营撤回到审核中(2023-02-03) -> 运营调整任务完成时间(2023-02-03) -> 审核通过(2023-02-03) -> 标注完成(2023-02-06) -> 标注验收通过(2023-02-14) 
DX,DX-BZ-2023-0011,16196,商品检测框标注,江心雨,任务完成,2023-02-02,2023-02-04,2023-02-09,5.0,7.0,2017,智能冰箱+SKU预研动态冰箱SCG00,R-SC220886.001,SCG公共,SCG00,智慧城市与商业事业群,创新业务部,智慧体育创新中心,482.0,lustre,SH-40,915.22,已确认,False,创建(2023-02-02) -> 文件上传(2023-02-02) -> 文件上传成功(2023-02-02) -> 预标注数据上传成功(2023-02-02) -> 运营调整任务完成时间(2023-02-02) -> 审核通过(2023-02-02) -> 任务标注中被运营撤回到审核中(2023-02-03) -> 运营调整任务完成时间(2023-02-03) -> 审核通过(2023-02-03) -> 标注完成(2023-02-04) -> 标注验收通过(2023-02-09) 
DX,DX-BZ-2023-0012,16197,商品检测框标注,江心雨,任务完成,2023-02-02,2023-02-03,2023-02-09,6.0,7.0,2017,智能冰箱+SKU预研动态冰箱SCG00,R-SC220886.001,SCG公共,SCG00,智慧城市与商业事业群,创新业务部,智慧体育创新中心,554.0,lustre,SH-40,678.07,已确认,True,创建(2023-02-02) -> 文件上传(2023-02-02) -> 文件上传成功(2023-02-02) -> 预标注数据上传成功(2023-02-02) -> 运营调整任务完成时间(2023-02-02) -> 审核通过(2023-02-02) -> 标注完成(2023-02-04) -> 验收中有数据包被打回(2023-02-09) -> 标注完成(2023-02-09) -> 标注验收通过(2023-02-09) 
DX,DX-BZ-2023-0010,16191,202301人工回流数据检测标注,储祥翠,任务完成,2023-02-01,2023-02-03,2023-02-06,3.0,5.0,2017,智能冰箱+SKU预研动态冰箱SCG00,R-SC220886.001,SCG公共,SCG00,智慧城市与商业事业群,创新业务部,智慧体育创新中心,3526.0,lustre,SH-40,884.45,已确认,False,创建(2023-02-01) -> 文件上传(2023-02-01) -> 文件上传成功(2023-02-01) -> 运营调整任务完成时间(2023-02-02) -> 审核通过(2023-02-02) -> 标注完成(2023-02-03) -> 标注验收通过(2023-02-06) 
DX,DX-BZ-2023-0009,16168,nike检测框标注,储祥翠,任务完成,2023-01-30,2023-01-31,2023-01-31,0.0,1.0,2017,智能冰箱+SKU预研动态冰箱SCG00,R-SC220886.001,SCG公共,SCG00,智慧城市与商业事业群,创新业务部,智慧体育创新中心,13035.0,lustre,SH-40,2918.36,已确认,True,创建(2023-01-30) -> 文件上传(2023-01-30) -> 文件上传失败(2023-01-30) -> 文件上传(2023-01-30) -> 重新提交任务(2023-01-30) -> 文件上传成功(2023-01-30) -> 运营调整任务完成时间(2023-01-30) -> 审核通过(2023-01-30) -> 标注完成(2023-01-31) -> 验收中有数据包被打回(2023-01-31) -> 标注完成(2023-01-31) -> 验收中有数据包被打回(2023-01-31) -> 标注完成(2023-01-31) -> 标注验收通过(2023-01-31) 
DX,DX-BZ-2023-0008,16159,篮球检测标注[与ID16017任务相同，跳过竞价][2022-12-23 13:04:08] 复制[15842][2022-12-29 16:04:50] 复制[15914][2023-01-05 1,敖一宸,任务完成,2023-01-18,2023-01-31,2023-01-29,0.0,11.0,2070,SenseOmni智慧体育产品预研SCG09,R-SC220924.001,创新业务部,SCG09,智慧城市与商业事业群,创新业务部,智慧体育创新中心,8000.0,lustre,SH-40,514.58,已确认,False,创建(2023-01-18) -> 文件上传(2023-01-18) -> 文件上传成功(2023-01-18) -> 运营调整任务完成时间(2023-01-18) -> 审核通过(2023-01-18) -> 标注完成(2023-01-28) -> 标注验收通过(2023-01-29) -> 运营调整任务完成时间(2023-01-31) 
DX,DX-BZ-2023-0007,16131,商品检测框标注,江心雨,任务完成,2023-01-14,2023-01-16,2023-01-30,14.0,16.0,2017,智能冰箱+SKU预研动态冰箱SCG00,R-SC220886.001,SCG公共,SCG00,智慧城市与商业事业群,创新业务部,智慧体育创新中心,554.0,lustre,SH-40,678.28,已确认,True,创建(2023-01-14) -> 文件上传(2023-01-14) -> 文件上传成功(2023-01-14) -> 撤回任务(2023-01-14) -> 文件上传(2023-01-14) -> 重新提交任务(2023-01-14) -> 文件上传成功(2023-01-14) -> 撤回任务(2023-01-14) -> 文件上传(2023-01-14) -> 重新提交任务(2023-01-14) -> 文件上传成功(2023-01-14) -> 运营调整任务完成时间(2023-01-14) -> 审核通过(2023-01-14) -> 任务标注中被运营撤回到审核中(2023-01-14) -> 运营调整任务完成时间(2023-01-14) -> 审核通过(2023-01-14) -> 运营调整任务完成时间(2023-01-16) -> 标注完成(2023-01-16) -> 验收中有数据包被打回(2023-01-16) -> 标注完成(2023-01-16) -> 验收中有数据包被打回(2023-01-18) -> 标注完成(2023-01-18) -> 标注验收通过(2023-01-30) 
DX,DX-BZ-2023-0005,16125,商品检测框标注,江心雨,任务完成,2023-01-13,2023-01-16,2023-01-30,14.0,17.0,2017,智能冰箱+SKU预研动态冰箱SCG00,R-SC220886.001,SCG公共,SCG00,智慧城市与商业事业群,创新业务部,智慧体育创新中心,2434.0,lustre,SH-40,6086.61,已确认,False,创建(2023-01-13) -> 文件上传(2023-01-13) -> 文件上传成功(2023-01-13) -> 运营调整任务完成时间(2023-01-13) -> 审核通过(2023-01-13) -> 任务标注中被运营撤回到审核中(2023-01-13) -> 运营调整任务完成时间(2023-01-13) -> 审核通过(2023-01-13) -> 标注完成(2023-01-16) -> 运营调整任务完成时间(2023-01-16) -> 标注验收通过(2023-01-30) 
DX,DX-BZ-2023-0006,16119,商品检测框标注,江心雨,任务完成,2023-01-13,2023-01-16,2023-01-30,14.0,17.0,2017,智能冰箱+SKU预研动态冰箱SCG00,R-SC220886.001,SCG公共,SCG00,智慧城市与商业事业群,创新业务部,智慧体育创新中心,482.0,lustre,SH-40,913.79,已确认,True,创建(2023-01-13) -> 文件上传(2023-01-13) -> 文件上传成功(2023-01-13) -> 运营调整任务完成时间(2023-01-13) -> 审核通过(2023-01-13) -> 标注完成(2023-01-14) -> 运营调整任务完成时间(2023-01-16) -> 验收中有数据包被打回(2023-01-16) -> 标注完成(2023-01-16) -> 验收中有数据包被打回(2023-01-18) -> 标注完成(2023-01-18) -> 验收中有数据包被打回(2023-01-18) -> 标注完成(2023-01-18) -> 标注验收通过(2023-01-30) 
DX,DX-BZ-2023-0004,16109,有检测预标注wtt场地人体检测和关键点标注(需要对检测标注竞价),冯律,任务完成,2023-01-12,2023-01-16,2023-02-11,26.0,30.0,2070,SenseOmni智慧体育产品预研SCG09,R-SC220924.001,创新业务部,SCG09,智慧城市与商业事业群,创新业务部,智慧体育创新中心,5004.0,lustre,SH-40,21602.33,已确认,False,创建(2023-01-12) -> 文件上传(2023-01-12) -> 文件上传成功(2023-01-12) -> 预标注数据上传成功(2023-01-12) -> 运营调整任务完成时间(2023-01-12) -> 审核通过(2023-01-12) -> 标注完成(2023-01-16) -> 运营调整任务完成时间(2023-01-16) -> 标注验收通过(2023-02-11) 
DX,DX-BZ-2023-0002,16017,篮球检测标注[与ID15914任务相同，跳过竞价][2022-12-23 13:04:08] 复制[15842][2022-12-29 16:04:50] 复制[15914][2023-01-05 1,敖一宸,任务完成,2023-01-05,2023-01-09,2023-01-09,0.0,4.0,2070,SenseOmni智慧体育产品预研SCG09,R-SC220924.001,创新业务部,SCG09,智慧城市与商业事业群,创新业务部,智慧体育创新中心,10000.0,lustre,SH-40,935.95,已确认,False,创建(2023-01-05) -> 文件上传(2023-01-05) -> 文件上传成功(2023-01-05) -> 撤回任务(2023-01-05) -> 文件上传(2023-01-05) -> 重新提交任务(2023-01-05) -> 文件上传成功(2023-01-05) -> 运营调整任务完成时间(2023-01-06) -> 审核通过(2023-01-06) -> 标注完成(2023-01-09) -> 标注验收通过(2023-01-09) 
DX,DX-BZ-2023-0001,15965,wtt场地人体检测和特定区域人体29关键点标注(跳过竞价),冯律,任务完成,2023-01-04,2023-01-07,2023-01-16,9.0,12.0,2070,SenseOmni智慧体育产品预研SCG09,R-SC220924.001,创新业务部,SCG09,智慧城市与商业事业群,创新业务部,智慧体育创新中心,5040.0,lustre,SH-40,22314.99,已确认,False,创建(2023-01-04) -> 文件上传(2023-01-04) -> 文件上传成功(2023-01-04) -> 运营调整任务完成时间(2023-01-04) -> 审核通过(2023-01-04) -> 运营调整任务完成时间(2023-01-04) -> 运营调整任务完成时间(2023-01-06) -> 标注完成(2023-01-07) -> 标注验收通过(2023-01-16) 
